RaceAnchorFull,Race No,HRA Analysis,HRA Analysis URL
BA071026_R1,1,"OVERVIEW: This looks like an even contest to open the meeting, with many winning chances. THEROUX (11) looks on paper like he has been unable to find his best form this preparation, but things haven’t really gone his way. He does have the best sectional times in this event. Barrier 11 will make it tricky, but the middle distance helps. Similarly, KNOW THE SCORE (8) has been racing well but will need some luck from the barrier. He’s been letting down nicely in recent runs. HOME AND DRY (4) battled on well for third last start after racing in the breeze. The start prior, he flashed home strongly to win at Cranbourne. He is versatile in this grade. THE REGULATOR (2) hasn’t had a lot of luck recently, getting back in the field and covering too much extra ground. His runs have still been solid. He should be able to map more forward from barrier two, even though he doesn’t have electric gate speed. IAMAWINGATE (1) has a good turn of foot and enough gate speed to take advantage of barrier one. SELECTIONS: THEROUX (11), IAMAWINGATE (1), HOME AND DRY (4), KNOW THE SCORE (8)",https://www.harness.org.au/racing/2026-10-07/ballarat/BA071026/meeting/analysis
BA071026_R2,2,"OVERVIEW: SNOWIN (2) has been brave in defeat in her two career runs to date. Last start at Ballarat, she chased home No Repentance and was beaten by just a head after running strongly to the line. She’s a very well-bred Bold Eagle filly and should benefit from barrier two here. ASONGOFTHEHEART (8) was a good third on debut following a nice trial. She was chasing home Snowin and No Repentance and let down nicely. She should improve again with experience. WALKING ON WATER (7) is a pacing-bred trotter and one of the more experienced trotters in this field. She tired last start in a much tougher event but was a good second at this track the start prior. ROYAL LADY (6) is an interesting trotter here. She has some quality trial form, but in her one career start she got it wrong with her manners. She looks like she could be an exciting trotter once she puts it all together. BACK: SNOWIN (2) – 2 units (win) SELECTIONS:SNOWIN (2), ASONGOFTHEHEART (8), WALKING ON WATER (7), ROYAL LADY (6)",https://www.harness.org.au/racing/2026-10-07/ballarat/BA071026/meeting/analysis
BA071026_R3,3,"OVERVIEW: COOL STORY (9) has been racing OK but has endured a run of bad luck. He follows out fast beginner HURRICANE HOOLY (2) and should get a good trip. He has the best sectional times in this event. BRAVE ART (1) is second-up for the Carson Millar stable. She couldn’t make up ground last start in a strong field on a rain-affected track after pulling back from a wide barrier. She should get a better run from barrier one. WINGATE GUY (7) has won two of his last three starts and powered home from well back to win impressively last start. The barrier makes it tougher here. UNDERATTACK (8) resumed last month after more than two years away. He let down well but needed the run for fitness and should improve here. SELECTIONS:COOL STORY (9), BRAVE ART (1), WINGATE GUY (7), UNDERATTACK (8)",https://www.harness.org.au/racing/2026-10-07/ballarat/BA071026/meeting/analysis
BA071026_R4,4,"OVERVIEW: This looks to be a competitive race with a number of good chances. NORMANDY NUGGET (5) has a great turn of foot and enough gate speed to map well here. He sustained a good run for third at this track last start in rain-affected conditions and is racing well. FAKE CULLECTION (8) led and tired a little late when first-up. She won well at her start prior to going for a break and should improve with fitness. With the right run, she can be flashing home late. ICANMOTOR (7) is racing well and flashed home nicely for second at this track last start. He’ll need some luck from the barrier. IMAGUNNARESTNGO (3) can be quirky at times, but she has a solid turn of foot with the right run. She’ll need to map well to be a threat late. Also respecting BLUE OCEAN (1) from the ace barrier. BACK: NORMANDY NUGGET (5) – 2 units (win) SELECTIONS:NORMANDY NUGGET (5), FAKE CULLECTION (8), ICANMOTOR (7), IMAGUNNARESTNGO (3).",https://www.harness.org.au/racing/2026-10-07/ballarat/BA071026/meeting/analysis
BA071026_R5,5,"OVERVIEW: ULTIMATE VINNIE (8) is a very smart horse who is well placed here. Last start at Terang, he raced wide in a race run near track-record time. It was a super run. He’s been unlucky at Free For All level, and from barrier eight he should stay out of trouble here. IMA TERMINATOR (7) is a smart horse at his best and has had some really tough runs recently, including in the breeze. He may need to make his own luck again here, but he has the ability. DONMARO (5) is a smart ex-New Zealand performer who probably hasn’t shown his best since moving to Australia earlier this year. He has had a few issues in his starts here but is first-up after a short break and trialled impressively at Melton last week. KING SAINT (6) was brave last start in the breeze at Shepparton. He’s a versatile horse who can make his own luck. From barrier one, STEEL THE MOMENT (1) should get a good trip here. SELECTIONS:ULTIMATE VINNIE (8), IMA TERMINATOR (7), DONMARO (5), KING SAINT (6).",https://www.harness.org.au/racing/2026-10-07/ballarat/BA071026/meeting/analysis
BA071026_R6,6,"OVERVIEW: PURPLE MOON (8) is a talented Menangle-trained filly campaigning in Victoria. Two starts ago, she missed away, recovered to catch the field and flashed home into second. Last start, she was checked out of the field but again recovered to hit the line strongly. As the only horse on the back row, she should have time to settle early. JOE LOU (7) is a talented, in-form trotter who has won five of his last eight starts. The barrier presents a challenge, but James Herbertson takes the reins and will be able to navigate the tricky draw. CHAMPAGNES (5) is another in-form trotter who is consistently competitive and can’t be left out of the numbers. She faces an awkward barrier but is racing well enough to overcome it. NO TELLING HEATHER (4) led throughout to win well at this track last start and should be able to secure another favourable run here. BACK: PURPLE MOON (8) – 2 units (win) SELECTIONS:PURPLE MOON (8), JOE LOU (7), CHAMPAGNES (5), NO TELLING HEATHER (4)",https://www.harness.org.au/racing/2026-10-07/ballarat/BA071026/meeting/analysis
BA071026_R7,7,"OVERVIEW: This is a quality trotting event. ADELAIDE RED (7) and ZARSKI (1) are both talented, progressive trotters who look likely to feature in upcoming Group 1 races. ADELAIDE RED (7) is already a Group 1 winner, having taken out the Breeders Crown 2yo Trotting Fillies Final last year. She ran home strongly for third in the Vicbred Super Series 3yo Trotting Fillies Final last start. She is a smart filly but will need to overcome the awkward barrier here. ZARSKI (1) raced in the breeze and suffered a flat tyre last start in the Vicbred Super Series Final won by Sam Nien. He is a talented top-level trotter who will appreciate barrier one here. SOLOTREKK (2) looks an exciting trotter who continues to take the next step. He clearly has plenty of ability but is yet to be tested at the top level. This is a tough test, but it will be a good gauge of whether he can take another step forward. THE SKY IS THE LIMIT (4) has a nice turn of foot and will be running home strongly with the right run. BACK: ADELAIDE RED (7) – 2 units (win) SELECTIONS:ADELAIDE RED (7), ZARSKI (1), SOLOTREKK (2), THE SKY IS THE LIMIT (4)",https://www.harness.org.au/racing/2026-10-07/ballarat/BA071026/meeting/analysis
BA071026_R8,8,"OVERVIEW: NIGHT FLIGHT (4) is in terrific form and performs well at this track. He has great gate speed and was a good winner last start. This is a little harder, but he continues to improve. POPPY POPSTAR (2) doesn’t have the strongest numerical form, but she has nice ability on her day. She should find the fence early and gets a good opportunity here. WHY NOW (5) is a lightly raced trotter having his sixth career start, but he appears to be a progressive type. He does have his quirks and is still learning what racing is all about, so there are some question marks over where he maps here. He does have the best sectional times in this event. JAKARTA (7) has been a little unlucky recently but is racing well. His main rivals have better barriers, which makes things tricky for him here. BACK: NIGHT FLIGHT (4) – 2 units (win) SELECTIONS:NIGHT FLIGHT (4), POPPY POPSTAR (2), WHY NOW (5), JAKARTA (7) Harness.org.au Help Privacy Advertise Terms Of Use Contact Us © Racing Information Services Enterprise 2026 Powered by",https://www.harness.org.au/racing/2026-10-07/ballarat/BA071026/meeting/analysis
GD071026_R1,1,HOOKLINEANDSINKER (5) put together a nice run at Mildura last start when she ran second behind CALF PEN. Her stable and driver must be respected in this sort of race. PERFECT PLAYGIRL (2) looks like the main danger after a strong win at Kapunda last start. CENTREFOLD STAR (7) and HUGH GO (6) are both big chances in an even race.,https://www.harness.org.au/racing/2026-10-07/globe-derby-park/GD071026/meeting/analysis
GD071026_R2,2,TRIGGER (4) finds his race today after running around the mark against tougher fields. He should be storming home over the concluding stages in a race like this. WHATA OPTIMIST (5) snuck up along the inside to run second at Kapunda last start. He finds a winnable race today and he looks like a strong chance after two encouraging seconds over his last two starts. ROCKNROLL YANKEE (1) and CLARENDEN LEGACY (2) are also chances.,https://www.harness.org.au/racing/2026-10-07/globe-derby-park/GD071026/meeting/analysis
GD071026_R3,3,"ONE AUSSIE (5) finished down the track last start in a tougher race. His debut run was very impressive when he defeated SOUTH AUSSIE STAR by a neck. Today will be easier for him and he should be able to bounce back and repeat that debut run today. BUILDTHEMANASTATUE (2), NO GOOD REASON (4) and CECIL PEAK (7) are all chances.",https://www.harness.org.au/racing/2026-10-07/globe-derby-park/GD071026/meeting/analysis
GD071026_R4,4,HAYOAK (6) will prefer the mobile start against an easier field today. She has the potential to be a major improver and it may pay to watch her market moves. BISHOP GEORGE (7) is first up from a break but he will love the mobile start. If he is anywhere near his best he is a massive chance. TRANQUIL BILL (3) and STAR OF PATRICK (2) are also chances.,https://www.harness.org.au/racing/2026-10-07/globe-derby-park/GD071026/meeting/analysis
GD071026_R5,5,LAYLAS PRINCESS (8) was a winner four starts back. She usually performs well in these sort of races. She is drawn well to use her sprint as well. If she is anywhere near her best then she will be hard to beat. ROCKNROLL SPIRIT (6) has won his last two starts and is racing in some strong form. ALWAYS ON SAFARI (2) and GUEST ARTIST (7) are also chances.,https://www.harness.org.au/racing/2026-10-07/globe-derby-park/GD071026/meeting/analysis
GD071026_R6,6,LOCHINVAR RULER (2) hasn’t been his best recently but today he finds an easier race from a winnable draw. He could possibly find the lead which would make him hard to catch. BRANSON (7) was a last start winner and he is a major chance if he can repeat that run today. BRUZER (1) and WELL WELL (8) are also chances.,https://www.harness.org.au/racing/2026-10-07/globe-derby-park/GD071026/meeting/analysis
GD071026_R7,7,"SWEETKINDOFMAGIC (7) can do things wrong but when he paces smoothly he usually features heavily. He defeated LORD MYRMECIA by 1.9 metres last start. He will need some luck from the draw but this is the sort of race he can win. PARISIAN BANDIT (4), LIGHTNING BLING (1) and FEAR THE BANKER (6) are also chances.",https://www.harness.org.au/racing/2026-10-07/globe-derby-park/GD071026/meeting/analysis
GD071026_R8,8,BROBENAH GIRL (4) has been knocking on the door for another win recently after running some handy second placings. If she can get the right run into the race then she should be storming home. MICKTHEBESTBUTCHER (6) is better than what he has been showing recently. He could be a major improver today. BELLA ROMA (1) and MY GIRL MIA (2) are also chances. Harness.org.au Help Privacy Advertise Terms Of Use Contact Us © Racing Information Services Enterprise 2026 Powered by,https://www.harness.org.au/racing/2026-10-07/globe-derby-park/GD071026/meeting/analysis
KI081026_R1,1,"OVERVIEW: OVER HERE (4) is having his third career start for in-form trainer-driver Donna Castles. On debut, he did a few things wrong but still ran home impressively after losing ground when galloping during the race. Last start, he was brave in defeat when second after sustaining a strong run late. He looks well placed here. GYM QUEEN (2) is an ultra-consistent mare, and it’s surprising she is still a maiden. She returned from a break with a good third last start and battled well to the line. She should improve with fitness. KYVALLEY JOYRIDE (3) is a well-bred son of Muscle Hill for top trotting trainer Brent Lilley. He showed promise earlier in his career but appears better than his recent form suggests. If he can use his gate speed to map well here, he could turn his form around. SKYE DIVA (9) has had two career starts and got her manners wrong on both occasions. She showed some OK trial form before her debut. We will learn more about her if she trots throughout, which may be the case here as the back-row barrier gives her space to settle early. BACK: OVER HERE (4) – 2 units (win) SELECTIONS: OVER HERE (4), GYM QUEEN (2), KYVALLEY JOYRIDE (3), SKYE DIVA (9)",https://www.harness.org.au/racing/2026-10-08/kilmore/KI081026/meeting/analysis
KI081026_R2,2,"OVERVIEW: ALTIUS (3) is a high gate-speed performer who will likely find the fence first here. He has had two months since his last start after injuring his eye during the run, but the freshen-up should benefit him. BELLA LOUISE (11) is in the twilight of her racing career before heading to the breeding barn. She won well last start when leading. The barrier is different here, but she has the winning confidence. TALISKER SKIPPER (1) has had the best season of his career in 2026 and continues to perform well. He got well back in a recent trial from barrier one but ran home OK into second. He is racing well, but the barrier is a query as he could get shuffled back on the fence. If he can map well, he is a threat here. DARETODANCE (8) is third-up after a year away from racing. She ran home well first-up at Maryborough, then was slightly inconvenienced up the straight last start but still performed well. She should improve again with race fitness. SPUN SILVER (2) is another fast beginner who could find the top here. VIVA STORM (6) drops in class after racing through the Vicbred Super Series. First starter HOLLOW LOG (7) is well bred and one to watch here. SELECTIONS:ALTIUS (3), BELLA LOUISE (11), TALISKER SKIPPER (1),DARETODANCE (8)",https://www.harness.org.au/racing/2026-10-08/kilmore/KI081026/meeting/analysis
KI081026_R3,3,"OVERVIEW: HELLO POSSUMS (3) has notably the best sectional times in this event. Last start, she was pulled up with a flat tyre. The start prior, she hit the line brilliantly in the Vicbred Super Series 4yo Mares Silver Pace won by Ideal Moth. She has the class. IM BIG BUSINESS (9) is a smart gelding first-up since July. He looked strong in a recent Shepparton trial, sustaining a long run. ANAKIN (4) is second-up here and should improve on his first-up third at Kilmore behind Soho Playgirl and Popcornfriday. He made up plenty of ground last start and probably couldn’t have done much better. KRISSY (5) is racing in great form and seems to have benefited from her recent move to the state. Two starts ago, she won at Charlton after working to the front and proving too strong. She followed that with an impressive second at Shepparton, where she made a stunning sprint around the field at the 800-metre mark before being run down late by a smart performer. She is racing very well. BACK: HELLO POSSUMS (3) – 2 units (win) SELECTIONS:HELLO POSSUMS (3), IM BIG BUSINESS (9), ANAKIN (4), KRISSY (5)",https://www.harness.org.au/racing/2026-10-08/kilmore/KI081026/meeting/analysis
KI081026_R4,4,"OVERVIEW: MONEY TALKS (5) looped the field from last to first to win last start at Kilmore. He is a striking-looking horse who is racing well, although this is a step up in class. SUZYS DREAM (8) had a good trip last start, but the way she let down over the final 400 metres was eye-catching as she powered to victory. She has a brilliant turn of foot. ALLWATFUNJINGLES (4) was held up last start but flashed home once he found clear running late. He’s racing well and has the winning confidence. CHINSKI (9) has regained his best form this preparation, with four starts producing a win and three seconds. He has been using his gate speed to find a forward position in recent runs, so barrier nine may see him adopt a different race map. Daryl Douglas takes the drive for the first time. Also respecting KALARNEY PRINCE (2) here. SELECTIONS:MONEY TALKS (5), SUZYS DREAM (8), ALLWATFUNJINGLES (4), CHINSKI (9)",https://www.harness.org.au/racing/2026-10-08/kilmore/KI081026/meeting/analysis
KI081026_R5,5,"OVERVIEW: ASHANTE WARRIOR (6) is first-up here for Alex Ashwood. He does have his quirks and can do things wrong, but he has shown promise at stages throughout his short career. He has notably the best sectional times in this event. LATHER WITH FIRE (3) is having her third career start, with both previous runs coming at the smaller Mildura track. Last start, she got well back but ran home strongly. She doesn’t look like remaining a maiden for long. DYGANALI (5) was good last start, covering an extra 21 metres while racing wide but finishing only 3.9 metres from the winner. She has been close to breaking through for her maiden victory on several occasions recently and just needs the right trip. SEW HOPEFULL (2) is racing well and should be able to map positively from barrier two. BACK: ASHANTE WARRIOR (6) – 2 units (win) SELECTIONS:ASHANTE WARRIOR (6), LATHER WITH FIRE (3), DYGANALI (5), SEW HOPEFULL (2)",https://www.harness.org.au/racing/2026-10-08/kilmore/KI081026/meeting/analysis
KI081026_R6,6,"OVERVIEW: JESSICAS STORY (4) is a versatile mare with a good turn of foot. She can be saved for her speed, do work or be used off the arm. Respecting her on her consistent and solid racing. SKYVALLEY BOY (8) is first-up here since July. He has shown glimpses of decent ability when he gets everything right and trialled well recently at Maryborough. SILENT REVERIE (2) showed her great gate speed to lead last start and was only narrowly beaten late. The return to the shorter trip suits. KOUFAX (3) is second-up here. He was good first-up on a rain-affected track, finishing just 8.4 metres from the winner. He should improve from that run. SELECTIONS:JESSICAS STORY (4), SKYVALLEY BOY (8), SILENT REVERIE (2), KOUFAX (3)",https://www.harness.org.au/racing/2026-10-08/kilmore/KI081026/meeting/analysis
KI081026_R7,7,"OVERVIEW: SPIRITED GIGI (3) is a gelding who has always shown promise. Last start, he finished third in the Vicbred Super Series 3yo Bronze Trot after looping the field impressively late. He gets his chance to return to the winners’ circle here. HAMMER (8) is a talented trotter who placed in a Breeders Crown heat last year. His connections had a big opinion of him before his debut. He has been lightly raced but clearly has ability. We will learn more about where he is at in this run, but fitness will be a query. ALDEBARAN MISTIQUE (6) has the best sectional times in this event. She was a good second behind No Money No Honey last start. She has a good turn of foot, but this barrier is challenging. KYVALLEY REEVA (10) is in great form, having won her last two starts impressively. This looks harder, though, and she has a wide back-row barrier, so she won’t find the front. Also respecting lightly raced CLASSIC FAIR (2) here. BACK: SPIRITED GIGI (3) – 2 units (win) SELECTIONS: SPIRITED GIGI (3),HAMMER (8), ALDEBARAN MISTIQUE (6), KYVALLEY REEVA (10),",https://www.harness.org.au/racing/2026-10-08/kilmore/KI081026/meeting/analysis
KI081026_R8,8,"OVERVIEW: HEAVENLY GEM (2) is an exciting young filly. She finished third in the Vicbred Super Series Final behind Kahula and Ideal Frankie after flashing home impressively. That followed a very strong heat performance where she raced in the breeze. She’s versatile and has plenty of ability. CASTERTON (11) is an Emma Stewart-trained performer having his second start. He got it wrong with his manners on debut and tailed out, but he had trialled well beforehand. Stable respect here. HOSO MAGIC (10) doesn’t have the strongest numerical form, but she has been competing in the Vicbred Super Series. She faces another tough assignment from a challenging barrier here, but she has ability. TECHYS WISH (7) is a first starter for Nathan Jack. She was second in a recent trial. BACK: HEAVENLY GEM (2) – 2 units (win) SELECTIONS: HEAVENLY GEM (2), CASTERTON (11), HOSO MAGIC (10), TECHYS WISH (7)",https://www.harness.org.au/racing/2026-10-08/kilmore/KI081026/meeting/analysis
KI081026_R9,9,"OVERVIEW: OZZIE DIAMOND (6) flashed home strongly to break through for her maiden victory last start. She had been racing well prior but hadn’t had much luck. She’ll need some luck again here, but now has the winning confidence. BLISSFULL LILLY (2) hasn’t had much luck recently and carried a flat tyre last start, so that run can be forgiven. She’s been racing well and, with some luck here, is a winning chance. TOUCH OF REALITY (9) should get a good trip early. If saved for one run, she’ll be flashing home late. DELTA STARZ (1) has a strong last 800-metre sectional compared with the other runners in this field. She should get the perfect trip from barrier one. SELECTIONS:OZZIE DIAMOND (6),BLISSFULL LILLY (2), TOUCH OF REALITY (9), DELTA STARZ (1)",https://www.harness.org.au/racing/2026-10-08/kilmore/KI081026/meeting/analysis
KI081026_R10,10,"OVERVIEW: ARRAPS (3) was a good third last start at Shepparton. She did all the work in the run and was just outsprinted late by fresh runners. She is racing well enough to win this. MIKI MARK (8) has consistently been performing well and rarely puts in a bad run. He has the best gate speed but will need some luck from the barrier. CHASING THE WIND (1) has the ace barrier and should have options early, either taking a sit or holding a forward position. FAVOURITEHIGHLIGHT (9) let down well last start to finish third after getting a good trip in the 1-1. She should get another good run here. SELECTIONS:ARRAPS (3), MIKI MARK (8), CHASING THE WIND (1), FAVOURITEHIGHLIGHT (9) Harness.org.au Help Privacy Advertise Terms Of Use Contact Us © Racing Information Services Enterprise 2026 Powered by",https://www.harness.org.au/racing/2026-10-08/kilmore/KI081026/meeting/analysis
RE071026_R1,1,"MOONSHINE MILLY (9) should get a good run off the speed in this race. He got a good run off the speed last time out and was able to run over the top to beat Denis The Punter. He looks hard to beat again. PUNTERS JEWEL (10) looks well drawn to get a soft run through in the early stages of the race. He drew poorly last time out and wasn’t beaten too far at Albion Park by Dragon. He should be running on late. DELIGHTFULLY SWEET (5) was a very impressive first up winner when sitting without cover and racing clear late. She backed that up with a good second last time out behind Merry Jewel. ZAC DANIELS (2) has good gate speed and is likely to look to press for the lead in the early stages which is a position he seems to do his best racing in. If he was able to find the front in this race he could bounce back to some better form. SELECTIONS: MOONSHINE MILLY (9), PUNTERS JEWEL (10), DELIGHTFULLY SWEET (5), ZAC DANIELS (2) SUGGESTED BET: PUNTERS JEWEL (10) each way.",https://www.harness.org.au/racing/2026-10-07/redcliffe/RE071026/meeting/analysis
RE071026_R2,2,"MAHINDI (9) did a lot of work last time out before being left without cover and was very good to run third behind Calling Buddy. She draws outside the back row but has been racing in good form and in an even field she should run well again. SOME CHEVRON (4) starts first up in this race for the stable of Alex Johnson having previously raced in NSW. He should settle close enough in the run and if he’s ready to go first up he should be running on late. BLACKJACK CRIPPA (5) was able to secure the ideal run close to the speed with cover last time out and ran on late into fourth behind Calling Buddy. He should get a good run off the speed in this race and if the race is run to suit he can be running on late. MARDIBRINGSPARTY (2) was shuffled back last time out in a race taken out by Stormtide over the 2040 at this track. She draws well and may be able to press to the lead and could be suited by the step back to the 1780 in this race. SELECTIONS: MAHINDI (9), SOME CHEVRON (4), BLACKJACK CRIPPA (5), MARDIBRINGSPARTY (2) SUGGESTED BET: MAHINDI (9) to win.",https://www.harness.org.au/racing/2026-10-07/redcliffe/RE071026/meeting/analysis
RE071026_R3,3,"SWEET NELLIE JOY (6) led recently at this track and was run down late by Nitrator who had the perfect run on her back. She appears to have a key draw advantage on her main rivals in this race drawing the front row and can look to maintain that. MITCHELLS RUN (10) led last time out at this track and was just run down late by Jive Master. He is likely to have derived good benefit from the outing but does draw outside the back row this time. MALARKY (7) should get a good run through in this race behind a horse with reasonable early speed. She was able to lead recently at this track and trip and was just run down late by Magicol Idea. HYNOTIZE ME (1) draws well in this race and should be able to lead before having options from there. He was running on well late last time out into third behind Britts Mate. SELECTIONS: SWEET NELLIE JOY (6), MITCHELLS RUN (10), MALARKY (7), HYNOTIZE ME (1) SUGGESTED BET: SWEET NELLIE JOY (6) to win.",https://www.harness.org.au/racing/2026-10-07/redcliffe/RE071026/meeting/analysis
RE071026_R4,4,"TAKE COURAGE (5) is a capable sit sprinter and could be suited getting back and running on in a race which could generate a good early tempo. She didn’t have a lot of luck last time out and was running on strongly late into second behind Doolittle Doozzie. SHADYS DELIGHT (7) looks suited over the track and trip but does face an awkward inside back row draw. He got back and was running on late last time out in a slowly run race. TACKAS LAST DANCE (10) struck trouble last time out at a crucial stage when locking stays and losing all momentum. She is likely to get a good run off the speed and should be running on late. TAURUS BROMAC (9) secured a good run close to the speed last time out and just battled on fairly there when finishing fourth. He is likely to get back in the run and can be running on late. SELECTIONS: TAKE COURAGE (5), SHADYS DELIGHT (7), TACKAS LAST DANCE (10), TAURUS BROMAC (9) SUGGESTED BET: TAKE COURAGE (5) to win.",https://www.harness.org.au/racing/2026-10-07/redcliffe/RE071026/meeting/analysis
RE071026_R5,5,"ULTIMATE HUNTER (6) has been very impressive since landing in the stable of Matthew Johnstone scoring two nice wins. He has shown versatility winning from the breeze before finding the top and winning again. He should settle close enough and looks hard to beat. NEED NOT TO WARRY (9) looks set to get a good run off the speed in this race in a race which could generate a good early tempo. He got back in the run at Marburg and was running on nicely ROLLYARRRZ (2) has a good draw in this race but may not quite have the speed to work across to the pegs in the early stages of the race. He ran well last time out settling close to the speed and finishing third behind Pinkchampagne and Rosies Boy who both raced on the pegs in the run. VICTREE ATOM (1) has reasonable gate speed and should be able to drive through and lead before having options from there. He drew poorly first up when getting back and running on late at Albion Park. He should be better for the outing and can run well again. SELECTIONS: ULTIMATE HUNTER (6), NEED NOT TO WARRY (9), ROLLYARRRZ (2), VICTREE ATOM (1) SUGGESTED BET: ULTIMATE HUNTER (6) to win.",https://www.harness.org.au/racing/2026-10-07/redcliffe/RE071026/meeting/analysis
RE071026_R6,6,"JOVIAL JIM (8) took on a strong race last time out taken out by Lots Of Change at Albion Park. He returns from a spell in this race and appears very well suited in this field. He should be hard to beat. WHAT IS HIS NAME (4) sat without cover last time out on an incredibly slow tempo in a race the leader was able to get away with plenty and out dashed him over the final 200m of the race. He should be able to work forward and find a prominent position and should go well from there. PAMPERED ART (1) was shuffled a long way back last time out before running on fairly late. She is likely to have derived benefit from the run and should get a good run in this race from an ideal draw. STRAWBERRIESNCREAM (2) secured a good run three back on the pegs last time out and was able to sprint nicely into second. She should get a good run close to the speed and can be running on late again. SELECTIONS: JOVIAL JIM (8), WHAT IS HIS NAME (4), PAMPERED ART (1), STRAWBERRIESNCREAM (2) SUGGESTED BET: JOVIAL JIM (8) to win.",https://www.harness.org.au/racing/2026-10-07/redcliffe/RE071026/meeting/analysis
RE071026_R7,7,"AESTHETE (3) found the front last time out and was able to score an easy win leading all the way to beat Captains Run. He looks the leader again in this race and finds a weaker field which should see him incredibly hard to run down again. ROCKY OUTLOOK (6) impressed two starts ago when securing the perfect run leaders back before sprinting nicely to reel in Playing For Keeps late. He has a lot less favours from the wide draw in this race but should be running on well late if the race is run to suit. ORION ART (5) secured a good run two starts ago and battled on fairly there for third. She is likely to get less favours from a wide draw but does meet a field without a lot of depth. WICKED WHISKEY (1) started first up for a new stable last time out and was only able to manage eighth there but did take on a stronger field in a race taken out by Same Old Devil. He should get a good run close to the speed and can be thereabouts late. SELECTIONS: AESTHETE (3), ROCKY OUTLOOK (6), ORION ART (5), WICKED WHISKEY (1) SUGGESTED BET: AESTHETE (3) to win.",https://www.harness.org.au/racing/2026-10-07/redcliffe/RE071026/meeting/analysis
RE071026_R8,8,"DISEMBARK (5) got a good run last time out off the speed in a stronger race before being badly held up at a crucial stage in a race taken out by Lots Of Heart. He looks the class horse in this field and should be hard to beat. OUTRUNTHETIDE (2) wasn’t seemingly suited last time out doing all the work in the run before fading out of it late at this track. If she was able to work to the lead in this race she could prove hard to run down. BOSTON BOUND (1) has good gate speed but has seemingly been best suited when driven with cover. She took a sit last time out and battled on fairly for third there behind Mcrockin at this track and trip. AURELIE (6) made a break again last time out taking her out of play. She was impressive first up this time in when making a break and recovering to finish third. With better manners she could run a good race. SELECTIONS: DISEMBARK (5), OUTRUNTHETIDE (2), BOSTON BOUND (1), AURELIE (6) SUGGESTED BET: DISEMBARK (5) to win. Harness.org.au Help Privacy Advertise Terms Of Use Contact Us © Racing Information Services Enterprise 2026 Powered by",https://www.harness.org.au/racing/2026-10-07/redcliffe/RE071026/meeting/analysis
